<?xml version="1.0" encoding="utf-8"?>
<!--
/**
 * appRain v 0.1.x
 *
 * LICENSE
 *
 * This source file is subject to the MIT license that is bundled
 * with this package in the file LICENSE.txt.
 * It is also available through the world-wide-web at this URL:
 * http://www.opensource.org/licenses/mit-license.php
 * If you did not receive a copy of the license and are unable to
 * obtain it through the world-wide-web, please send an email
 * to license@apprain.com so we can send you a copy immediately.
 *
 * @copyright  Copyright (c) 2010 appRain, Inc. (http://www.apprain.com)
 * @license    http://www.opensource.org/licenses/mit-license.php MIT license
 *
 * HELP
 *
 * Official Website
 * http://www.apprain.com/
 *
 * Download Link
 * http://www.apprain.com/download
 *
 * Documents Link
 * http ://www.apprain.com/documents
 */
-->
<InterfaceBuilder>
    <navigation name="catalog">
        <parent>
            <title>Store</title>
            <action>/managestore/intro</action>
            <submenu>
                <item>
                    <title>Orders</title>
                    <link>/managestore/orders</link>
                </item>
                <item>
                    <title>Products</title>
                    <link>/managestore/products</link>                    
                </item>
                <item>
                    <title>Categories</title>
                    <link>/category/manage/product-cat</link>                    
                </item>
                <item>
                    <title>Payment Methods</title>
                    <link>/admin/config/paymentmethod</link>
                </item>
                <item>
                    <title>Discount</title>
                    <link>/managestore/discount</link>
                </item>
                <item>
                    <title>Shipping Role</title>
                    <link>/managestore/shippingrole</link>
                </item>
                <item>
                    <title>Store Preferences</title>
                    <link>/admin/config/appstoresettings</link>
                </item>
            </submenu>
            <acl>
                <group>superadmin</group>
            </acl>
            <sort_order>7</sort_order>
        </parent>
        <child>
            <menu>
                <title>Orders</title>
                <items>
                    <item>
                        <title>Manage Orders</title>
                        <link>/managestore/orders</link>
                    </item>
                </items>
                <adminicon>
                    <type>FilePath</type>
                    <location>/component/appstore/interface_builder/store.jpg</location>
                </adminicon>
            </menu>
            <menu>
                <title>Product Categories</title>
                <items>
                    <item>
                        <title>Add Category</title>
                        <link>/category/manage/product-cat/add</link>
                    </item>
                    <item>
                        <title>Manage Categories</title>
                        <link>/category/manage/product-cat</link>
                    </item>
                </items>
                <adminicon>
                    <type>FilePath</type>
                    <location>/component/appstore/interface_builder/store.jpg</location>
                </adminicon>
            </menu>
            <menu>
                <title>Products</title>
                <items>
                    <item>
                        <title>Add New product</title>
                        <link>/managestore/products/add</link>
                    </item>
                    <item>
                        <title>Manage Products</title>
                        <link>/managestore/products</link>
                    </item>
                </items>
                <adminicon>
                    <type>FilePath</type>
                    <location>/component/appstore/interface_builder/store.jpg</location>
                </adminicon>
            </menu>
            <menu>
                <title>Product Attributes</title>
                <items>
                    <item>
                        <title>Manage Attributes</title>
                        <link>/managestore/productattributes</link>
                    </item>
                </items>
                <adminicon>
                    <type>FilePath</type>
                    <location>/component/appstore/interface_builder/store.jpg</location>
                </adminicon>
            </menu>
			<menu>
                <title>Countries</title>
                <items>
                    <item>
                        <title>Add New Country</title>
                        <link>/information/manage/countries/add</link>
                    </item>
                    <item>
                        <title>Manage Countries</title>
                        <link>/information/manage/countries</link>
                    </item>
                </items>
                <adminicon>
                    <type>FilePath</type>
                    <location>/component/appstore/interface_builder/store.jpg</location>
                </adminicon>
            </menu>		
            <menu>
                <title>Discount</title>
                <items>
                    <item>
                        <title>Manage Coupons</title>
                        <link>/managestore/discount</link>
                    </item>
                </items>
                <adminicon>
                    <type>FilePath</type>
                    <location>/component/appstore/interface_builder/store.jpg</location>
                </adminicon>
            </menu>					
            <menu>
                <title>Shipping</title>
                <items>
                    <item>
                        <title>Add New Role</title>
                        <link>/category/manage/shippingrole/add</link>
                    </item>
                    <item>
                        <title>Manage Role</title>
                       <link>/category/manage/shippingrole</link>
                    </item>
                    <item>
                        <title>Set Roles</title>
                       <link>/managestore/shippingrole</link>
                    </item>					
                </items>
                <adminicon>
                    <type>FilePath</type>
                    <location>/component/appstore/interface_builder/store.jpg</location>
                </adminicon>
            </menu>			
            <menu>
                <title>Store Settings</title>
                <items>
                    <item>
                        <title>Common Settings</title>
                        <link>/admin/config/appstoresettings</link>
                    </item>
                </items>
                <adminicon>
                    <type>FilePath</type>
                    <location>/component/appstore/interface_builder/store.jpg</location>
                </adminicon>
            </menu>
            <menu>
                <title>Payment Methods</title>
                <items>
                    <item>
                        <title>Manage Payment Methods</title>
                        <link>/admin/config/paymentmethod</link>
                    </item>
                </items>
                <adminicon>
                    <type>FilePath</type>
                    <location>/component/appstore/interface_builder/store.jpg</location>
                </adminicon>
            </menu>
            <menu>
                <title>Slide Show</title>
                <items>
                    <item>
                        <title>Add New Slide</title>
                        <link>/information/manage/storeslide/add</link>
                    </item>
                    <item>
                        <title>Manage Slides</title>
                        <link>/information/manage/storeslide</link>
                    </item>
                    <item>
                        <title>Settings</title>
                        <link>/admin/config/storeslidesettings</link>
                    </item>
                </items>
                <adminicon>
                    <type>FilePath</type>
                    <location/>
                </adminicon>
            </menu> 
			<menu>
                <title>Widget</title>
                <items>
                    <item>
                        <title>Create Widget</title>
                        <link>/information/manage/widget/add</link>
                    </item>
					<item>
                        <title>Manage Widget</title>
                        <link>/information/manage/widget</link>
                    </item>
                </items>
                <adminicon>
                    <type>FilePath</type>
                    <location/>
                </adminicon>
            </menu>
			<menu>
                <title>Customer Review</title>
                <items>
                    <item>
                        <title>Customer Review</title>
                        <link>/managestore/comment</link>
                    </item>
                </items>
                <adminicon>
                    <type>FilePath</type>
                    <location/>
                </adminicon>
            </menu>
        </child>
    </navigation>
</InterfaceBuilder>