<?xml version="1.0" encoding="utf-8"?>
<database>
	<version>3.0.2</version>
    <name>appRain Store</name>
	<uri>http://www.apprain.com</uri>
	<description>
		<![CDATA[
			An E-Commerce Solution.
		]]>
	</description>
	<author>Reazaul Karim</author>
	<author_uri>http://www.apprain.com</author_uri>
	<namespace>auto</namespace>
	<help>
		<![CDATA[
			Install Sample Data or see the Demo in appRain official website.<br />
			Get new payment methods from Application Store. 
		]]>
	</help>
	<checkfiles>
		<filepath>register.php</filepath>
	</checkfiles>
</database>