<?xml version="1.0" encoding="utf-8"?>
<InformationSet>
    <base mode="db">
        <version>0.1.0</version>
        <lastupdate>2010-03-01</lastupdate>
        <title>Attribute Group</title>
        <admin_tab>catalog</admin_tab>
	<addons />
        <parameters />
        <generic-field>
            <enabled>No</enabled>
            <title>Sort Order</title>
            <type>genericTag</type>
            <validation />
            <tag-attributes />
        </generic-field>
        <max_entry>
            <limit></limit>
            <message><![CDATA[]]></message>
        </max_entry>
		<sreach>
              <status>No</status>
              <field-selected>title</field-selected>
			  <field-description>shortdesc</field-description>
              <parma-link>
                <!-- Relative Absolute -->
                <type>Relative</type>
                <uri><![CDATA[store]]></uri>
              </parma-link>
        </sreach>
    </base>
    <fields>
        <field name="name">
            <title>Group Name</title>
            <type>inputTag</type>
			<searchable>Yes</searchable>
            <hints />
            <validation>
                <rule>
                    <type>notEmpty</type>
                    <err-message>Field can not left empty</err-message>
                </rule>
            </validation>
            <parameters />
			<db-attribute>
				<attribute name="type">varchar</attribute>
                <attribute name="length">100</attribute>
				<attribute name="null"></attribute>
				<attribute name="default"></attribute>
			</db-attribute>							
            <tag-attributes>
                <attribute name="id">name</attribute>
                <attribute name="class">app_input</attribute>
            </tag-attributes>
        </field>        
		<field name="numoffields">
            <title>Number of Fields</title>
            <type>inputTag</type>
			<searchable>No</searchable>
            <hints />
            <validation>
                <rule>
                    <type>notEmpty</type>
                    <err-message>Field can not left empty</err-message>
                </rule>
            </validation>
            <parameters />
			<db-attribute>
				<attribute name="type">varchar</attribute>
                <attribute name="length">100</attribute>
				<attribute name="null"></attribute>
				<attribute name="default"></attribute>
			</db-attribute>							
            <tag-attributes>
                <attribute name="id">numoffields</attribute>
                <attribute name="class">app_input</attribute>
            </tag-attributes>
        </field>  
        <field name="object">
            <title>Object</title>
            <type>textareaTag</type>
			<searchable>Yes</searchable>
			<db-attribute>
				<attribute name="type ">text</attribute>
                <attribute name="length"></attribute>
				<attribute name="null"></attribute>
				<attribute name="default"></attribute>
			</db-attribute>				
            <hints />
            <validation />
            <parameters>
				<parameter name="richtexteditor">No</parameter>
			</parameters>
            <tag-attributes>
				<attribute name="rows">20</attribute>
                <attribute name="id">object</attribute>
                <attribute name="class">app_input</attribute>
            </tag-attributes>
        </field>		
    </fields>
</InformationSet>