<?xml version="1.0" encoding="utf-8"?>
<InformationSet>
    <base mode="db">
        <version>0.1.0</version>
        <lastupdate>2010-03-01</lastupdate>
        <title>Country List</title>
        <admin_tab>catalog</admin_tab>
	<addons />
        <parameters />
        <generic-field>
            <enabled>No</enabled>
            <title>Sort Order</title>
            <type>genericTag</type>
            <validation />
            <tag-attributes />
        </generic-field>
        <max_entry>
            <limit></limit>
            <message><![CDATA[]]></message>
        </max_entry>
		<sreach>
              <status>No</status>
              <field-selected>title</field-selected>
			  <field-description>shortdesc</field-description>
              <parma-link>
                <!-- Relative Absolute -->
                <type>Relative</type>
                <uri><![CDATA[store]]></uri>
              </parma-link>
        </sreach>
    </base>
    <fields>
        <field name="name">
            <title>Name</title>
            <type>inputTag</type>
			<searchable>Yes</searchable>
            <hints />
            <validation>
                <rule>
                    <type>notEmpty</type>
                    <err-message>Field can not left empty</err-message>
                </rule>
            </validation>
            <parameters />
			<db-attribute>
				<attribute name="type">varchar</attribute>
                <attribute name="length">50</attribute>
				<attribute name="null"></attribute>
				<attribute name="default"></attribute>
			</db-attribute>							
            <tag-attributes>
                <attribute name="id">title</attribute>
                <attribute name="class">app_input</attribute>
            </tag-attributes>
        </field>
        <field name="code">
            <title>Code</title>
            <type>inputTag</type>
			<searchable>Yes</searchable>
			<db-attribute>
				<attribute name="type">varchar</attribute>
                <attribute name="length">10</attribute>
				<attribute name="null">NULL</attribute>
				<attribute name="default"></attribute>
			</db-attribute>			
            <hints />
            <validation>
                <rule>
                    <type>notEmpty</type>
                    <err-message>Field can not left empty</err-message>
                </rule>
            </validation>
            <parameters />
            <tag-attributes>
                <attribute name="id">title</attribute>
                <attribute name="class">app_input</attribute>
            </tag-attributes>
        </field>
		<field name="shippingstatus">
            <title>Shipping Status</title>
            <type>radioTag</type>
             <options>
                <option value="Active">Active</option>
                <option value="Inactive">Inactive</option>
            </options>
            <selected>Active</selected>
			<db-attribute>
				<attribute name="type ">enum</attribute>
                <attribute name="length"></attribute>
				<attribute name="null"></attribute>
				<attribute name="default"></attribute>
			</db-attribute>				
            <tag-attributes>
                <attribute name="id">status</attribute>
                <attribute name="class">app_input</attribute>
            </tag-attributes>
        </field>		
        <field name="states">
            <title>States</title>
            <type>textareaTag</type>
			<searchable>Yes</searchable>
			<db-attribute>
				<attribute name="type ">text</attribute>
                <attribute name="length"></attribute>
				<attribute name="null"></attribute>
				<attribute name="default"></attribute>
			</db-attribute>				
            <hints />
            <validation />
            <parameters>
				<parameter name="richtexteditor">No</parameter>
			</parameters>
            <tag-attributes>
				<attribute name="rows">20</attribute>
                <attribute name="id">states</attribute>
                <attribute name="class">app_input</attribute>
            </tag-attributes>
        </field>		
    </fields>
</InformationSet>