<?xml version="1.0" encoding="utf-8"?>
<InformationSet>
    <base mode="db">
        <version>0.1.0</version>
        <lastupdate>2013-01-07</lastupdate>
        <title>Discount Coupon</title>
        <admin_tab>catalog</admin_tab>
	<addons />
        <parameters />
        <generic-field>
            <enabled>No</enabled>
            <title>Sort Order</title>
            <type>genericTag</type>
            <validation />
            <tag-attributes />
        </generic-field>
        <max_entry>
            <limit></limit>
            <message><![CDATA[]]></message>
        </max_entry>
		<sreach>
              <status>No</status>
              <field-selected>title</field-selected>
			  <field-description>shortdesc</field-description>
              <parma-link>
                <!-- Relative Absolute -->
                <type>Relative</type>
                <uri><![CDATA[store]]></uri>
              </parma-link>
        </sreach>
    </base>
    <fields>
        <field name="batchname">
            <title>Batch Name</title>
            <type>inputTag</type>
			<searchable>Yes</searchable>
            <hints />
            <validation>
                <rule>
                    <type>notEmpty</type>
                    <err-message>Field can not left empty</err-message>
                </rule>
            </validation>
            <parameters />
			<db-attribute>
				<attribute name="type">varchar</attribute>
                <attribute name="length">150</attribute>
				<attribute name="null"></attribute>
				<attribute name="default"></attribute>
			</db-attribute>							
            <tag-attributes>
                <attribute name="id">title</attribute>
                <attribute name="class">app_input</attribute>
            </tag-attributes>
        </field>
        <field name="code">
            <title>Discount Code</title>
            <type>inputTag</type>
			<searchable>Yes</searchable>
			<db-attribute>
				<attribute name="type">varchar</attribute>
                <attribute name="length">50</attribute>
				<attribute name="null">NULL</attribute>
				<attribute name="default"></attribute>
			</db-attribute>			
            <hints />
            <validation>
                <rule>
                    <type>notEmpty</type>
                    <err-message>Field can not left empty</err-message>
                </rule>
            </validation>
            <parameters />
            <tag-attributes>
			
                <attribute name="readonly">readonly</attribute>
                <attribute name="id">title</attribute>
                <attribute name="class">app_input</attribute>
            </tag-attributes>
        </field>
        <field name="amount">
            <title>Discount Amount</title>
            <type>inputTag</type>
			<searchable>Yes</searchable>
			<db-attribute>
				<attribute name="type">float</attribute>
                <attribute name="length"></attribute>
				<attribute name="null">NULL</attribute>
				<attribute name="default"></attribute>
			</db-attribute>			
            <hints />
            <validation>
                <rule>
                    <type>notEmpty</type>
                    <err-message>Field can not left empty</err-message>
                </rule>
            </validation>
            <parameters />
            <tag-attributes>
                <attribute name="id">amount</attribute>
                <attribute name="class">app_input</attribute>
            </tag-attributes>
        </field>
		<field name="calmethod">
            <title>Calculation Method</title>
            <type>radioTag</type>
             <options>
                <option value="flatamount">Yes</option>
                <option value="percentage">No</option>
            </options>
            <selected>Yes</selected>
			<db-attribute>
				<attribute name="type ">enum</attribute>
                <attribute name="length"></attribute>
				<attribute name="null"></attribute>
				<attribute name="default"></attribute>
			</db-attribute>				
            <tag-attributes>
                <attribute name="id">status</attribute>
                <attribute name="class">app_input</attribute>
            </tag-attributes>
        </field>	
		<field name="status">
            <title>Status</title>
            <type>radioTag</type>
             <options>
                <option value="Active">Active</option>
                <option value="Inactive">Inactive</option>
				<option value="Redeemed">Redeemed</option>
            </options>
            <selected>Active</selected>
			<db-attribute>
				<attribute name="type ">enum</attribute>
                <attribute name="length"></attribute>
				<attribute name="null"></attribute>
				<attribute name="default"></attribute>
			</db-attribute>				
            <tag-attributes>
                <attribute name="id">status</attribute>
                <attribute name="class">app_input</attribute>
            </tag-attributes>
        </field>	
    </fields>
</InformationSet>