<?xml version="1.0" encoding="utf-8"?>
<InformationSet>
    <base mode="db">
        <version>0.1.0</version>
        <lastupdate>2010-03-01</lastupdate>
        <title>Product</title>
        <admin_tab>catalog</admin_tab>
		<addons />
        <parameters />
        <generic-field>
            <enabled>No</enabled>
            <title>Sort Order</title>
            <type>genericTag</type>
            <validation />
            <tag-attributes />
        </generic-field>
        <max_entry>
            <limit></limit>
            <message><![CDATA[]]></message>
        </max_entry>
		<sreach>
              <status>Yes</status>
              <field-selected>title</field-selected>
			  <field-description>shortdesc</field-description>
              <parma-link>
                <!-- Relative Absolute -->
                <type>Relative</type>
                <uri><![CDATA[store]]></uri>
              </parma-link>
        </sreach>
    </base>
    <fields>
        <field name="title">
            <title>Title</title>
            <type>inputTag</type>
			<searchable>Yes</searchable>
            <hints />
            <validation>
                <rule>
                    <type>notEmpty</type>
                    <err-message>Field can not left empty</err-message>
                </rule>
            </validation>
            <parameters />
			<db-attribute>
				<attribute name="type">varchar</attribute>
                <attribute name="length">150</attribute>
				<attribute name="null"></attribute>
				<attribute name="default"></attribute>
			</db-attribute>				
            <tag-attributes>
                <attribute name="id">title</attribute>
                <attribute name="class">app_input</attribute>
            </tag-attributes>
        </field>
		<field name="type">
            <title>Product Type</title>
            <type>radioTag</type>
             <options>
                <option value="Shippable">Shippable</option>
                <option value="Virtual">Virtual</option>
            </options>
            <selected>Shippable</selected>
			<db-attribute>
				<attribute name="type">enum</attribute>
                <attribute name="length"></attribute>
				<attribute name="null"></attribute>
				<attribute name="default"></attribute>
			</db-attribute>				
            <tag-attributes>
                <attribute name="id">type</attribute>
                <attribute name="class">app_input</attribute>
            </tag-attributes>
        </field>		
		<field name="category">   
			<title>Category</title>   
			<hints>Hold Ctrl and Click to select more then one category</hints>
			<type>categoryTag</type>   
			<category_type>product-cat</category_type>
			<validation>
                <rule>
                    <type>notEmpty</type>
                    <err-message>Category left empty</err-message>
                </rule>
            </validation>
			<parameters>    
				<parameter name="parent_start">0</parameter>       
				<parameter name="inputType">selectTag</parameter>       
			</parameters>
			<db-attribute>
				<attribute name="type">int</attribute>
                <attribute name="length">11</attribute>
				<attribute name="null"></attribute>
				<attribute name="default"></attribute>
			</db-attribute>				
			<tag-attributes>       
				<attribute name="id">category</attribute> 
				<attribute name="multiple">multiple</attribute>  
				<attribute name="size">10</attribute>  
			</tag-attributes>
		</field>
		<field name="imagethumb">
            <title>Thumnail</title>
            <type>fileTag</type>
            <hints>*.jpg, *.gif, *.png (120px × 100px)</hints>
            <validation />
            <parameters />
			<db-attribute>
				<attribute name="type">varchar</attribute>
                <attribute name="length">100</attribute>
				<attribute name="null"></attribute>
				<attribute name="default"></attribute>
			</db-attribute>				
            <tag-attributes>
                <attribute name="id">title</attribute>
                <attribute name="class">app_input</attribute>
            </tag-attributes>
        </field>
		<field name="image">
            <title>Image</title>
            <type>fileTag</type>
            <hints>*.jpg, *.gif, *.png</hints>
            <validation />
            <parameters>
				<parameter name="maxwidth">800</parameter>
				<parameter name="maxheight">600</parameter>
			</parameters>
			<db-attribute>
				<attribute name="type">varchar</attribute>
                <attribute name="length">100</attribute>
				<attribute name="null"></attribute>
				<attribute name="default"></attribute>
			</db-attribute>				
            <tag-attributes>
                <attribute name="id">title</attribute>
                <attribute name="class">app_input</attribute>
            </tag-attributes>
        </field>
		<field name="shortdesc">
			<searchable>Yes</searchable>
            <title>Short Description</title>
            <type>textareaTag</type>
            <validation>
                <rule>
                    <type>notEmpty</type>
                    <err-message>Short Description left empty</err-message>
                </rule>
            </validation>
			<parameters>
				<parameter name="richtexteditor">No</parameter>
			</parameters>
			<db-attribute>
				<attribute name="type">text</attribute>
                <attribute name="length"></attribute>
				<attribute name="null"></attribute>
				<attribute name="default"></attribute>
			</db-attribute>					
            <tag-attributes>
				<attribute name="rows">2</attribute>
                <attribute name="id">short-desc</attribute>
                <attribute name="class">app_input</attribute>
            </tag-attributes>
        </field>
	     <field name="promotext">
            <title>Promo Text</title>
            <type>inputTag</type>
			<searchable>Yes</searchable>
            <hints />
            <validation />
            <parameters />
			<db-attribute>
				<attribute name="type">varchar</attribute>
                <attribute name="length">150</attribute>
				<attribute name="null"></attribute>
				<attribute name="default"></attribute>
			</db-attribute>				
            <tag-attributes>
                <attribute name="id">promotext</attribute>
                <attribute name="class">app_input</attribute>
            </tag-attributes>
        </field>	
		<field name="description">
            <title>Description</title>
            <type>textareaTag</type>
			<searchable>Yes</searchable>
            <validation>
                <rule>
                    <type>notEmpty</type>
                    <err-message>Field can not left empty</err-message>
                </rule>
            </validation>
			<parameters>
				<parameter name="richtexteditor">No</parameter>
			</parameters>
			<db-attribute>
				<attribute name="type">text</attribute>
                <attribute name="length"></attribute>
				<attribute name="null"></attribute>
				<attribute name="default"></attribute>
			</db-attribute>								
            <tag-attributes>
				<attribute name="rows">4</attribute>
                <attribute name="id">desc</attribute>
                <attribute name="class">app_input</attribute>
            </tag-attributes>
        </field>
		<field name="note">
			<searchable>Yes</searchable>
            <title>Note</title>
            <type>textareaTag</type>
            <validation />
			<parameters>
				<parameter name="richtexteditor">No</parameter>
			</parameters>
			<db-attribute>
				<attribute name="type">text</attribute>
                <attribute name="length"></attribute>
				<attribute name="null"></attribute>
				<attribute name="default"></attribute>
			</db-attribute>					
            <tag-attributes>
				<attribute name="rows">2</attribute>
                <attribute name="id">note</attribute>
                <attribute name="class">app_input</attribute>
            </tag-attributes>
        </field>	
		<field name="imagelist">
			<searchable>Yes</searchable>
            <title>Image List</title>
            <type>textareaTag</type>
            <validation />
			<parameters>
				<parameter name="richtexteditor">No</parameter>
			</parameters>
			<db-attribute>
				<attribute name="type">text</attribute>
                <attribute name="length"></attribute>
				<attribute name="null"></attribute>
				<attribute name="default"></attribute>
			</db-attribute>					
            <tag-attributes>
				<attribute name="rows">2</attribute>
                <attribute name="id">imagelist</attribute>
                <attribute name="class">app_input</attribute>
            </tag-attributes>
        </field>
		<field name="galleryimagelist">
			<searchable>Yes</searchable>
            <title>Gallery List</title>
            <type>textareaTag</type>
            <validation />
			<parameters>
				<parameter name="richtexteditor">No</parameter>
			</parameters>
			<db-attribute>
				<attribute name="type">text</attribute>
                <attribute name="length"></attribute>
				<attribute name="null"></attribute>
				<attribute name="default"></attribute>
			</db-attribute>					
            <tag-attributes>
				<attribute name="rows">2</attribute>
                <attribute name="id">galleryimagelist</attribute>
                <attribute name="class">app_input</attribute>
            </tag-attributes>
        </field>		
		<field name="attributegroup">
            <title>Attribute </title>
            <type>textareaTag</type>
			<searchable>Yes</searchable>
            <validation />
			<parameters>
				<parameter name="richtexteditor">No</parameter>
			</parameters>
			<hints>
			<![CDATA[]]>
			</hints>
			<db-attribute>
				<attribute name="type">int</attribute>
                <attribute name="length">11</attribute>
				<attribute name="null"></attribute>
				<attribute name="default"></attribute>
			</db-attribute>											
            <tag-attributes>
				<attribute name="rows">4</attribute>
                <attribute name="id">attributegroup</attribute>
                <attribute name="class">app_input</attribute>
            </tag-attributes>
        </field>		
		<field name="attributevalue">
            <title>Attributes Values</title>
            <type>textareaTag</type>
			<searchable>Yes</searchable>
            <validation />
			<parameters>
				<parameter name="richtexteditor">No</parameter>
			</parameters>
			<hints>
			<![CDATA[]]>
			</hints>
			<db-attribute>
				<attribute name="type">text</attribute>
                <attribute name="length"></attribute>
				<attribute name="null"></attribute>
				<attribute name="default"></attribute>
			</db-attribute>											
            <tag-attributes>
				<attribute name="rows">4</attribute>
                <attribute name="id">textareaTag</attribute>
                <attribute name="class">app_input</attribute>
            </tag-attributes>
        </field>
		<field name="features">
            <title>Features Table</title>
            <type>textareaTag</type>
			<searchable>Yes</searchable>
            <validation />
			<parameters>
				<parameter name="richtexteditor">No</parameter>
			</parameters>
			<hints>
			<![CDATA[
				Example: <br />Resolution=7.00 Megapixels<br />
				Lens=3.00x zoom 
			]]>
			</hints>
			<db-attribute>
				<attribute name="type">text</attribute>
                <attribute name="length"></attribute>
				<attribute name="null"></attribute>
				<attribute name="default"></attribute>
			</db-attribute>											
            <tag-attributes>
				<attribute name="rows">4</attribute>
                <attribute name="id">features</attribute>
                <attribute name="class">app_input</attribute>
            </tag-attributes>
        </field>
		<field name="supplierprice">
            <title>Supplier Price</title>
            <type>inputTag</type>
            <hints></hints>
            <validation />
            <parameters />
			<db-attribute>
				<attribute name="type">float</attribute>
                <attribute name="length"></attribute>
				<attribute name="null"></attribute>
				<attribute name="default"></attribute>
			</db-attribute>				
            <tag-attributes>
                <attribute name="id">supplierprice</attribute>
                <attribute name="class">app_input</attribute>
            </tag-attributes>
        </field>
		<field name="oldprice">
            <title>Old Price</title>
            <type>inputTag</type>
            <hints></hints>
            <validation />
            <parameters />
			<db-attribute>
				<attribute name="type">float</attribute>
                <attribute name="length">50</attribute>
				<attribute name="null"></attribute>
				<attribute name="default"></attribute>
			</db-attribute>							
            <tag-attributes>
                <attribute name="id">oldprice</attribute>
                <attribute name="class">app_input</attribute>
            </tag-attributes>
        </field>
		<field name="price">
            <title>Price</title>
            <type>inputTag</type>
            <hints></hints>
            <validation>
                <rule>
                    <type>notEmpty</type>
                    <err-message>Field can not left empty</err-message>
                </rule>
            </validation>
            <parameters />
			<db-attribute>
				<attribute name="type">varchar</attribute>
                <attribute name="length">50</attribute>
				<attribute name="null"></attribute>
				<attribute name="default"></attribute>
			</db-attribute>							
            <tag-attributes>
                <attribute name="id">title</attribute>
                <attribute name="class">app_input</attribute>
            </tag-attributes>
        </field>
		<field name="qty">
            <title>Quentity</title>
            <type>inputTag</type>
            <hints></hints>
            <validation />
            <parameters />
			<db-attribute>
				<attribute name="type">varchar</attribute>
                <attribute name="length">50</attribute>
				<attribute name="null"></attribute>
				<attribute name="default"></attribute>
			</db-attribute>			
            <tag-attributes>
                <attribute name="id">qty</attribute>
                <attribute name="class">app_input</attribute>
            </tag-attributes>
        </field>
		<field name="criticalqty">
            <title>Critical Quentity</title>
            <type>inputTag</type>
            <hints></hints>
            <validation />
            <parameters />
			<db-attribute>
				<attribute name="type">varchar</attribute>
                <attribute name="length">50</attribute>
				<attribute name="null"></attribute>
				<attribute name="default"></attribute>
			</db-attribute>				
            <tag-attributes>
                <attribute name="id">criticalqty</attribute>
                <attribute name="class">app_input</attribute>
            </tag-attributes>
        </field>
		<field name="slidetype">
            <title>Slide Type</title>
            <type>inputTag</type>
            <hints></hints>
            <validation />
            <parameters />
			<db-attribute>
				<attribute name="type">varchar</attribute>
                <attribute name="length">20</attribute>
				<attribute name="null"></attribute>
				<attribute name="default"></attribute>
			</db-attribute>							
            <tag-attributes>
                <attribute name="id">slidetype</attribute>
                <attribute name="class">app_input</attribute>
            </tag-attributes>
        </field>		
		<field name="isfeatured">
            <title>Is Featured</title>
            <type>radioTag</type>
			<validation>
                <rule>
                    <type>notEmpty</type>
                    <err-message>Field can not left empty</err-message>
                </rule>
            </validation>
             <options>
                <option value="Yes">Yes</option>
                <option value="No">No</option>
            </options>
            <selected>No</selected>
			<db-attribute>
				<attribute name="type">enum</attribute>
                <attribute name="length"></attribute>
				<attribute name="null"></attribute>
				<attribute name="default"></attribute>
			</db-attribute>				
            <tag-attributes>
                <attribute name="id">isfeatured</attribute>
                <attribute name="class">app_input</attribute>
            </tag-attributes>
        </field>
        <field name="shippingmethod">
            <title>Shipping Method</title>
            <type>categoryTag</type>
            <validation />
            <category_type>shippingrole</category_type>
			<hints>Keep blank for Free Shipping</hints>
            <parameters>
                <parameter name="parent_start">0</parameter>
                <parameter name="inputType">selectTag</parameter>
                <parameter name="auto_link">Yes</parameter>
            </parameters>
			<db-attribute>
				<attribute name="type">varchar</attribute>
                <attribute name="length">50</attribute>
				<attribute name="null"></attribute>
				<attribute name="default"></attribute>
			</db-attribute>							
            <tag-attributes>
                <attribute name="id">category</attribute>
            </tag-attributes>
        </field>	
		<field name="redirectafteradd2card">
            <title>Redirect after Add2Card</title>
            <type>inputTag</type>
			<searchable>Yes</searchable>
            <validation />
			<parameters />
			<db-attribute>
				<attribute name="type">varchar</attribute>
                <attribute name="length">100</attribute>
				<attribute name="null"></attribute>
				<attribute name="default"></attribute>
			</db-attribute>											
            <tag-attributes>
                <attribute name="id">redirectafteradd2card</attribute>
                <attribute name="class">app_input</attribute>
            </tag-attributes>
        </field>	
		<field name="downloadfilepath">
            <title>Download File Path</title>
            <type>inputTag</type>
			<searchable>Yes</searchable>
            <validation />
			<parameters />
			<db-attribute>
				<attribute name="type">varchar</attribute>
                <attribute name="length">150</attribute>
				<attribute name="null"></attribute>
				<attribute name="default"></attribute>
			</db-attribute>											
            <tag-attributes>
                <attribute name="id">downloadfilepath</attribute>
                <attribute name="class">app_input</attribute>
            </tag-attributes>
        </field>
		<field name="relatedproduct">
            <title>Related Product</title>
            <type>inputTag</type>
			<searchable>Yes</searchable>
            <validation />
			<parameters />										
            <tag-attributes>
                <attribute name="id">relatedproduct</attribute>
                <attribute name="class">app_input</attribute>
            </tag-attributes>
        </field>		
		<field name="pagetitle">
            <title>Page Meta Title</title>
            <type>inputTag</type>
			<searchable>Yes</searchable>
            <validation />
			<parameters />									
            <tag-attributes>
                <attribute name="id">pagetitle</attribute>
                <attribute name="class">app_input</attribute>
            </tag-attributes>
        </field>
		<field name="pagekeys">
            <title>Page Meta Keywords</title>
            <type>inputTag</type>
			<searchable>Yes</searchable>
            <validation />
			<parameters />									
            <tag-attributes>
                <attribute name="id">pagekeys</attribute>
                <attribute name="class">app_input</attribute>
            </tag-attributes>
        </field>
		<field name="pagedesc">
            <title>Page Meta Description</title>
            <type>inputTag</type>
			<searchable>Yes</searchable>
            <validation />
			<parameters />								
            <tag-attributes>
                <attribute name="id">pagedec</attribute>
                <attribute name="class">app_input</attribute>
            </tag-attributes>
        </field>		
		<field name="status">
            <title>Status</title>
            <type>radioTag</type>
             <options>
                <option value="Active">Active</option>
                <option value="Inactive">Inactive</option>
            </options>
            <selected>Active</selected>
			<db-attribute>
				<attribute name="type">enum</attribute>
                <attribute name="length"></attribute>
				<attribute name="null"></attribute>
				<attribute name="default"></attribute>
			</db-attribute>				
            <tag-attributes>
                <attribute name="id">status</attribute>
                <attribute name="class">app_input</attribute>
            </tag-attributes>
        </field>
    </fields>
</InformationSet>