<?xml version="1.0" encoding="utf-8"?>
<InformationSet>
    <base mode="db">
        <version>0.1.0</version>
        <lastupdate>2010-03-01</lastupdate>
        <title>Slide Show</title>
        <admin_tab>catalog</admin_tab>
	<addons />
        <parameters />
        <generic-field>
            <enabled>No</enabled>
            <title>Sort Order</title>
            <type>genericTag</type>
            <validation />
            <tag-attributes />
        </generic-field>
        <max_entry>
            <limit></limit>
            <message><![CDATA[]]></message>
        </max_entry>
		<sreach>
              <status>No</status>
              <field-selected>title</field-selected>
			  <field-description>shortdesc</field-description>
              <parma-link>
                <!-- Relative Absolute -->
                <type>Relative</type>
                <uri><![CDATA[store]]></uri>
              </parma-link>
        </sreach>
    </base>
    <fields>
        <field name="title">
            <title>Title</title>
            <type>inputTag</type>
			<searchable>Yes</searchable>
            <hints />
            <validation>
                <rule>
                    <type>notEmpty</type>
                    <err-message>Field can not left empty</err-message>
                </rule>
            </validation>
            <parameters />
			<db-attribute>
				<attribute name="type">varchar</attribute>
                <attribute name="length">100</attribute>
				<attribute name="null"></attribute>
				<attribute name="default"></attribute>
			</db-attribute>							
            <tag-attributes>
                <attribute name="id">title</attribute>
                <attribute name="class">app_input</attribute>
            </tag-attributes>
        </field>
		
		<field name="thumb">
            <title>Thambnail</title>
            <type>fileTag</type>
            <hints>*.jpg, *.gif, *.png</hints>
            <validation />
            <parameters>
				<parameter name="maxwidth">400</parameter>
				<parameter name="maxheight">400</parameter>
			</parameters>
			<db-attribute>
				<attribute name="type">varchar</attribute>
                <attribute name="length">100</attribute>
				<attribute name="null"></attribute>
				<attribute name="default"></attribute>
			</db-attribute>							
            <tag-attributes>
                <attribute name="id">title</attribute>
                <attribute name="class">app_input</attribute>
            </tag-attributes>
        </field>
		<field name="image">
            <title>Image</title>
            <type>fileTag</type>
            <hints>*.jpg, *.gif, *.png</hints>
            <validation>
                <rule>
                    <type>notEmpty</type>
                    <err-message>Field can not left empty</err-message>
                </rule>
            </validation>
            <parameters>
				<parameter name="maxwidth">800</parameter>
				<parameter name="maxheight">600</parameter>
			</parameters>
			<db-attribute>
				<attribute name="type">varchar</attribute>
                <attribute name="length">100</attribute>
				<attribute name="null"></attribute>
				<attribute name="default"></attribute>
			</db-attribute>							
            <tag-attributes>
                <attribute name="id">image</attribute>
                <attribute name="class">app_input</attribute>
            </tag-attributes>
        </field>	
		<field name="description">
            <title>Description</title>
            <type>textareaTag</type>
			<searchable>Yes</searchable>
            <validation>
                <rule>
                    <type>notEmpty</type>
                    <err-message>Field can not left empty</err-message>
                </rule>
            </validation>
			<parameters>
				<parameter name="richtexteditor">No</parameter>
			</parameters>
			<db-attribute>
				<attribute name="type ">text</attribute>
                <attribute name="length"></attribute>
				<attribute name="null"></attribute>
				<attribute name="default"></attribute>
			</db-attribute>								
            <tag-attributes>
				<attribute name="rows">8</attribute>
                <attribute name="id">desc</attribute>
                <attribute name="class">app_input</attribute>
            </tag-attributes>
        </field>
		<field name="status">
            <title>Status</title>
            <type>radioTag</type>
             <options>
                <option value="Active">Active</option>
                <option value="Inactive">Inactive</option>
            </options>
            <selected>Active</selected>
			<db-attribute>
				<attribute name="type ">enum</attribute>
                <attribute name="length"></attribute>
				<attribute name="null"></attribute>
				<attribute name="default"></attribute>
			</db-attribute>				
            <tag-attributes>
                <attribute name="id">status</attribute>
                <attribute name="class">app_input</attribute>
            </tag-attributes>
        </field>
    </fields>
</InformationSet>