<?xml version="1.0" encoding="utf-8"?>
<!--
/**
 * appRain CMF
 *
 * LICENSE
 *
 * This source file is subject to the MIT license that is bundled
 * with this package in the file LICENSE.txt.
 * It is also available through the world-wide-web at this URL:
 * http://www.opensource.org/licenses/mit-license.php
 * If you did not receive a copy of the license and are unable to
 * obtain it through the world-wide-web, please send an email
 * to license@apprain.com so we can send you a copy immediately.
 *
 * @copyright  Copyright (c) 2010 appRain, Inc. (http://www.apprain.com)
 * @license    http://www.opensource.org/licenses/mit-license.php MIT license
 *
 * HELP
 *
 * Official Website
 * http://www.apprain.com/
 *
 * Download Link
 * http://www.apprain.com/download
 *
 * Documents Link
 * http ://www.apprain.com/documents
 *
 *
 */
-->
<installer>
    <command>
        <copy>
            <src>/component/appstore</src>
            <des>/component/appstore</des>
        </copy>
        <copy>
            <src>/webroot/addons/appstore</src>
            <des>/webroot/addons/appstore</des>
        </copy>
        <copy>
            <src>/development/cache/data</src>
            <des>/development/cache/data</des>
        </copy>
    </command>
</installer>